<?xml version="1.0" encoding="UTF-8" standalone="yes"?>
<factura id="comprobante" version="1.0.0">
  <infoTributaria>
    <ambiente>1</ambiente>
    <tipoEmision>1</tipoEmision>
    <razonSocial>Hector Santiago Oña Sanchez</razonSocial>
    <nombreComercial>Pekes Moda Infantil</nombreComercial>
    <ruc>1002906426001</ruc>
    <claveAcceso>2111201601100290642600110010010000000411234567811</claveAcceso>
    <codDoc>01</codDoc>
    <estab>001</estab>
    <ptoEmi>001</ptoEmi>
    <secuencial>000000041</secuencial>
    <dirMatriz>Sucre y Atahualpa esquina 45-97</dirMatriz>
  </infoTributaria>
  <infoFactura>
    <fechaEmision>21/11/2016</fechaEmision>
    <dirEstablecimiento>Garcia Moreno entre Roca y Bolivar</dirEstablecimiento>
    <obligadoContabilidad>NO</obligadoContabilidad>
    <tipoIdentificacionComprador>05</tipoIdentificacionComprador>
    <razonSocialComprador>Liss Enriquez</razonSocialComprador>
    <identificacionComprador>1003486972</identificacionComprador>
    <direccionComprador>Heleodoro Ayala y Jorge Davila Meza</direccionComprador>
    <totalSinImpuestos>88.47</totalSinImpuestos>
    <totalDescuento>0.00</totalDescuento>
    <totalConImpuestos>
      <totalImpuesto>
        <codigo>2</codigo>
        <codigoPorcentaje>2</codigoPorcentaje>
        <baseImponible>88.47</baseImponible>
        <tarifa>12</tarifa>
        <valor>10.62</valor>
      </totalImpuesto>
    </totalConImpuestos>
    <propina>0.00</propina>
    <importeTotal>99.09</importeTotal>
    <moneda>Dolar</moneda>
  </infoFactura>
  <detalles><detalle>
      <codigoPrincipal>ckt-2030</codigoPrincipal>
      <descripcion>Conjunto 3 Piezas Chompa Capucha - Tallas Disponibles: : 12 Meses</descripcion>
      <cantidad>1</cantidad>
      <precioUnitario>29.22</precioUnitario>
      <descuento>0.00</descuento>
      <precioTotalSinImpuesto>29.22</precioTotalSinImpuesto>
      <impuestos>
        <impuesto>
          <codigo>2</codigo>
          <codigoPorcentaje>2</codigoPorcentaje>
          <tarifa>12</tarifa>
          <baseImponible>29.22</baseImponible>
          <valor>3.51</valor>
        </impuesto>
      </impuestos>
    </detalle><detalle>
      <codigoPrincipal>MCAR</codigoPrincipal>
      <descripcion>Monito Carters Sleep&Play - Tallas Disponibles: : 2 Años</descripcion>
      <cantidad>1</cantidad>
      <precioUnitario>21.43</precioUnitario>
      <descuento>0.00</descuento>
      <precioTotalSinImpuesto>21.43</precioTotalSinImpuesto>
      <impuestos>
        <impuesto>
          <codigo>2</codigo>
          <codigoPorcentaje>2</codigoPorcentaje>
          <tarifa>12</tarifa>
          <baseImponible>21.43</baseImponible>
          <valor>2.57</valor>
        </impuesto>
      </impuestos>
    </detalle><detalle>
      <codigoPrincipal>ckt-2030</codigoPrincipal>
      <descripcion>Conjunto 3 Piezas Chompa Capucha - Tallas Disponibles: : 18 Meses</descripcion>
      <cantidad>1</cantidad>
      <precioUnitario>35.71</precioUnitario>
      <descuento>0.00</descuento>
      <precioTotalSinImpuesto>35.71</precioTotalSinImpuesto>
      <impuestos>
        <impuesto>
          <codigo>2</codigo>
          <codigoPorcentaje>2</codigoPorcentaje>
          <tarifa>12</tarifa>
          <baseImponible>35.71</baseImponible>
          <valor>4.29</valor>
        </impuesto>
      </impuestos>
    </detalle><detalle>
      <codigoPrincipal>ckt-2030</codigoPrincipal>
      <descripcion>Conjunto 3 Piezas Chompa Capucha - Tallas Disponibles: : 12 Meses</descripcion>
      <cantidad>1</cantidad>
      <precioUnitario>35.71</precioUnitario>
      <descuento>0.00</descuento>
      <precioTotalSinImpuesto>35.71</precioTotalSinImpuesto>
      <impuestos>
        <impuesto>
          <codigo>2</codigo>
          <codigoPorcentaje>2</codigoPorcentaje>
          <tarifa>12</tarifa>
          <baseImponible>35.71</baseImponible>
          <valor>4.29</valor>
        </impuesto>
      </impuestos>
    </detalle><detalle>
      <codigoPrincipal>MCAR</codigoPrincipal>
      <descripcion>Monito Carters Sleep&Play - Tallas Disponibles: : 6 Meses</descripcion>
      <cantidad>1</cantidad>
      <precioUnitario>21.43</precioUnitario>
      <descuento>0.00</descuento>
      <precioTotalSinImpuesto>21.43</precioTotalSinImpuesto>
      <impuestos>
        <impuesto>
          <codigo>2</codigo>
          <codigoPorcentaje>2</codigoPorcentaje>
          <tarifa>12</tarifa>
          <baseImponible>21.43</baseImponible>
          <valor>2.57</valor>
        </impuesto>
      </impuestos>
    </detalle><detalle>
      <codigoPrincipal>121G058</codigoPrincipal>
      <descripcion>Conjunto 3 Piezas Carters - Tallas Disponibles : 18 Meses</descripcion>
      <cantidad>1</cantidad>
      <precioUnitario>25.6</precioUnitario>
      <descuento>0.00</descuento>
      <precioTotalSinImpuesto>25.6</precioTotalSinImpuesto>
      <impuestos>
        <impuesto>
          <codigo>2</codigo>
          <codigoPorcentaje>2</codigoPorcentaje>
          <tarifa>12</tarifa>
          <baseImponible>25.6</baseImponible>
          <valor>3.07</valor>
        </impuesto>
      </impuestos>
    </detalle><detalle>
      <codigoPrincipal>121G058</codigoPrincipal>
      <descripcion>Conjunto 3 Piezas Carters - Tallas Disponibles : 18 Meses</descripcion>
      <cantidad>1</cantidad>
      <precioUnitario>25.6</precioUnitario>
      <descuento>0.00</descuento>
      <precioTotalSinImpuesto>25.6</precioTotalSinImpuesto>
      <impuestos>
        <impuesto>
          <codigo>2</codigo>
          <codigoPorcentaje>2</codigoPorcentaje>
          <tarifa>12</tarifa>
          <baseImponible>25.6</baseImponible>
          <valor>3.07</valor>
        </impuesto>
      </impuestos>
    </detalle><detalle>
      <codigoPrincipal>1183-50u</codigoPrincipal>
      <descripcion>Set 4 Piezas Bebe - Color: : Rosado</descripcion>
      <cantidad>1</cantidad>
      <precioUnitario>6.42</precioUnitario>
      <descuento>0.00</descuento>
      <precioTotalSinImpuesto>6.42</precioTotalSinImpuesto>
      <impuestos>
        <impuesto>
          <codigo>2</codigo>
          <codigoPorcentaje>2</codigoPorcentaje>
          <tarifa>12</tarifa>
          <baseImponible>6.42</baseImponible>
          <valor>0.77</valor>
        </impuesto>
      </impuestos>
    </detalle><detalle>
      <codigoPrincipal>1153-203</codigoPrincipal>
      <descripcion>Set 2 Gorritas Bebe - Color: : Rosado, Tallas Disponibles : 3 Meses</descripcion>
      <cantidad>1</cantidad>
      <precioUnitario>4.28</precioUnitario>
      <descuento>0.00</descuento>
      <precioTotalSinImpuesto>4.28</precioTotalSinImpuesto>
      <impuestos>
        <impuesto>
          <codigo>2</codigo>
          <codigoPorcentaje>2</codigoPorcentaje>
          <tarifa>12</tarifa>
          <baseImponible>4.28</baseImponible>
          <valor>0.51</valor>
        </impuesto>
      </impuestos>
    </detalle><detalle>
      <codigoPrincipal>1044-20u</codigoPrincipal>
      <descripcion>Babero Pasa Comida - Color: : Rosado</descripcion>
      <cantidad>1</cantidad>
      <precioUnitario>2.85</precioUnitario>
      <descuento>0.00</descuento>
      <precioTotalSinImpuesto>2.85</precioTotalSinImpuesto>
      <impuestos>
        <impuesto>
          <codigo>2</codigo>
          <codigoPorcentaje>2</codigoPorcentaje>
          <tarifa>12</tarifa>
          <baseImponible>2.85</baseImponible>
          <valor>0.34</valor>
        </impuesto>
      </impuestos>
    </detalle><detalle>
      <codigoPrincipal>ckt-2029</codigoPrincipal>
      <descripcion>Conjunto 3 Piezas Carters - Tallas Disponibles : 3 Meses</descripcion>
      <cantidad>1</cantidad>
      <precioUnitario>32</precioUnitario>
      <descuento>0.00</descuento>
      <precioTotalSinImpuesto>32</precioTotalSinImpuesto>
      <impuestos>
        <impuesto>
          <codigo>2</codigo>
          <codigoPorcentaje>2</codigoPorcentaje>
          <tarifa>12</tarifa>
          <baseImponible>32</baseImponible>
          <valor>3.84</valor>
        </impuesto>
      </impuestos>
    </detalle><detalle>
      <codigoPrincipal>MCAR</codigoPrincipal>
      <descripcion>Monito Carters Sleep&Play - Tallas Disponibles : 3 Meses</descripcion>
      <cantidad>1</cantidad>
      <precioUnitario>20</precioUnitario>
      <descuento>0.00</descuento>
      <precioTotalSinImpuesto>20</precioTotalSinImpuesto>
      <impuestos>
        <impuesto>
          <codigo>2</codigo>
          <codigoPorcentaje>2</codigoPorcentaje>
          <tarifa>12</tarifa>
          <baseImponible>20</baseImponible>
          <valor>2.4</valor>
        </impuesto>
      </impuestos>
    </detalle><detalle>
      <codigoPrincipal>121G084</codigoPrincipal>
      <descripcion>Conjunto carters - Tallas Disponibles : 18 Meses</descripcion>
      <cantidad>1</cantidad>
      <precioUnitario>32</precioUnitario>
      <descuento>0.00</descuento>
      <precioTotalSinImpuesto>32</precioTotalSinImpuesto>
      <impuestos>
        <impuesto>
          <codigo>2</codigo>
          <codigoPorcentaje>2</codigoPorcentaje>
          <tarifa>12</tarifa>
          <baseImponible>32</baseImponible>
          <valor>3.84</valor>
        </impuesto>
      </impuestos>
    </detalle><detalle>
      <codigoPrincipal>127G009</codigoPrincipal>
      <descripcion>Conjunto carters - Tallas Disponibles : 9 Meses</descripcion>
      <cantidad>1</cantidad>
      <precioUnitario>32</precioUnitario>
      <descuento>0.00</descuento>
      <precioTotalSinImpuesto>32</precioTotalSinImpuesto>
      <impuestos>
        <impuesto>
          <codigo>2</codigo>
          <codigoPorcentaje>2</codigoPorcentaje>
          <tarifa>12</tarifa>
          <baseImponible>32</baseImponible>
          <valor>3.84</valor>
        </impuesto>
      </impuestos>
    </detalle><detalle>
      <codigoPrincipal>121D617</codigoPrincipal>
      <descripcion>Conjunto carters 3 Piezas - Tallas Disponibles : 18 Meses</descripcion>
      <cantidad>1</cantidad>
      <precioUnitario>28</precioUnitario>
      <descuento>0.00</descuento>
      <precioTotalSinImpuesto>28</precioTotalSinImpuesto>
      <impuestos>
        <impuesto>
          <codigo>2</codigo>
          <codigoPorcentaje>2</codigoPorcentaje>
          <tarifa>12</tarifa>
          <baseImponible>28</baseImponible>
          <valor>3.36</valor>
        </impuesto>
      </impuestos>
    </detalle><detalle>
      <codigoPrincipal>121D620</codigoPrincipal>
      <descripcion>Conjunto carters - Tallas Disponibles : 18 Meses</descripcion>
      <cantidad>1</cantidad>
      <precioUnitario>28</precioUnitario>
      <descuento>0.00</descuento>
      <precioTotalSinImpuesto>28</precioTotalSinImpuesto>
      <impuestos>
        <impuesto>
          <codigo>2</codigo>
          <codigoPorcentaje>2</codigoPorcentaje>
          <tarifa>12</tarifa>
          <baseImponible>28</baseImponible>
          <valor>3.36</valor>
        </impuesto>
      </impuestos>
    </detalle><detalle>
      <codigoPrincipal>126G083</codigoPrincipal>
      <descripcion>Conjunto 3 Piezas Carters - Tallas Disponibles : 9 Meses</descripcion>
      <cantidad>1</cantidad>
      <precioUnitario>27</precioUnitario>
      <descuento>0.00</descuento>
      <precioTotalSinImpuesto>27</precioTotalSinImpuesto>
      <impuestos>
        <impuesto>
          <codigo>2</codigo>
          <codigoPorcentaje>2</codigoPorcentaje>
          <tarifa>12</tarifa>
          <baseImponible>27</baseImponible>
          <valor>3.24</valor>
        </impuesto>
      </impuestos>
    </detalle><detalle>
      <codigoPrincipal>126G083</codigoPrincipal>
      <descripcion>Conjunto 3 Piezas Carters - Tallas Disponibles : 24 Meses</descripcion>
      <cantidad>1</cantidad>
      <precioUnitario>27</precioUnitario>
      <descuento>0.00</descuento>
      <precioTotalSinImpuesto>27</precioTotalSinImpuesto>
      <impuestos>
        <impuesto>
          <codigo>2</codigo>
          <codigoPorcentaje>2</codigoPorcentaje>
          <tarifa>12</tarifa>
          <baseImponible>27</baseImponible>
          <valor>3.24</valor>
        </impuesto>
      </impuestos>
    </detalle><detalle>
      <codigoPrincipal>121G107</codigoPrincipal>
      <descripcion>Conjunto 2 Piezas Carters - Tallas Disponibles : 18 Meses</descripcion>
      <cantidad>1</cantidad>
      <precioUnitario>29</precioUnitario>
      <descuento>0.00</descuento>
      <precioTotalSinImpuesto>29</precioTotalSinImpuesto>
      <impuestos>
        <impuesto>
          <codigo>2</codigo>
          <codigoPorcentaje>2</codigoPorcentaje>
          <tarifa>12</tarifa>
          <baseImponible>29</baseImponible>
          <valor>3.48</valor>
        </impuesto>
      </impuestos>
    </detalle><detalle>
      <codigoPrincipal>235G126</codigoPrincipal>
      <descripcion>Camisa Carters ML  - Tallas Disponibles : 12 Meses</descripcion>
      <cantidad>1</cantidad>
      <precioUnitario>25</precioUnitario>
      <descuento>0.00</descuento>
      <precioTotalSinImpuesto>25</precioTotalSinImpuesto>
      <impuestos>
        <impuesto>
          <codigo>2</codigo>
          <codigoPorcentaje>2</codigoPorcentaje>
          <tarifa>12</tarifa>
          <baseImponible>25</baseImponible>
          <valor>3</valor>
        </impuesto>
      </impuestos>
    </detalle><detalle>
      <codigoPrincipal>121G031</codigoPrincipal>
      <descripcion>Vestido y Bolero 2pc Carters - Tallas Disponibles : 18 Meses</descripcion>
      <cantidad>1</cantidad>
      <precioUnitario>28</precioUnitario>
      <descuento>0.00</descuento>
      <precioTotalSinImpuesto>28</precioTotalSinImpuesto>
      <impuestos>
        <impuesto>
          <codigo>2</codigo>
          <codigoPorcentaje>2</codigoPorcentaje>
          <tarifa>12</tarifa>
          <baseImponible>28</baseImponible>
          <valor>3.36</valor>
        </impuesto>
      </impuestos>
    </detalle><detalle>
      <codigoPrincipal>#GA</codigoPrincipal>
      <descripcion>Jean Straight Childrens Place - Tallas Disponibles : 3 Años</descripcion>
      <cantidad>1</cantidad>
      <precioUnitario>34.58</precioUnitario>
      <descuento>0.00</descuento>
      <precioTotalSinImpuesto>34.58</precioTotalSinImpuesto>
      <impuestos>
        <impuesto>
          <codigo>2</codigo>
          <codigoPorcentaje>2</codigoPorcentaje>
          <tarifa>12</tarifa>
          <baseImponible>34.58</baseImponible>
          <valor>4.15</valor>
        </impuesto>
      </impuestos>
    </detalle><detalle>
      <codigoPrincipal>273G075</codigoPrincipal>
      <descripcion>Camisa Carters ML  - Tallas Disponibles : 6 Años</descripcion>
      <cantidad>1</cantidad>
      <precioUnitario>26.34</precioUnitario>
      <descuento>0.00</descuento>
      <precioTotalSinImpuesto>26.34</precioTotalSinImpuesto>
      <impuestos>
        <impuesto>
          <codigo>2</codigo>
          <codigoPorcentaje>2</codigoPorcentaje>
          <tarifa>12</tarifa>
          <baseImponible>26.34</baseImponible>
          <valor>3.16</valor>
        </impuesto>
      </impuestos>
    </detalle><detalle>
      <codigoPrincipal>BCML35</codigoPrincipal>
      <descripcion>Blusa Carters ML Perritos - Tallas Disponibles : 2 Años</descripcion>
      <cantidad>1</cantidad>
      <precioUnitario>25</precioUnitario>
      <descuento>0.00</descuento>
      <precioTotalSinImpuesto>25</precioTotalSinImpuesto>
      <impuestos>
        <impuesto>
          <codigo>2</codigo>
          <codigoPorcentaje>2</codigoPorcentaje>
          <tarifa>12</tarifa>
          <baseImponible>25</baseImponible>
          <valor>3</valor>
        </impuesto>
      </impuestos>
    </detalle><detalle>
      <codigoPrincipal>ckt-2031</codigoPrincipal>
      <descripcion>Chompa West Shore - Tallas Disponibles : 3 Años</descripcion>
      <cantidad>1</cantidad>
      <precioUnitario>34.12</precioUnitario>
      <descuento>0.00</descuento>
      <precioTotalSinImpuesto>34.12</precioTotalSinImpuesto>
      <impuestos>
        <impuesto>
          <codigo>2</codigo>
          <codigoPorcentaje>2</codigoPorcentaje>
          <tarifa>12</tarifa>
          <baseImponible>34.12</baseImponible>
          <valor>4.09</valor>
        </impuesto>
      </impuestos>
    </detalle></detalles>
  <infoAdicional>
    <campoAdicional nombre="email">laenriquez1@pucesi.edu.ec</campoAdicional>
    <campoAdicional nombre="telefono">0988037047</campoAdicional>
  </infoAdicional>
</factura>